mode,difficulty,metric,numerator,denominator,digests
SHORT_DECK,2,actions,95456,95456,c45f4228|cc178cca|1bc3e6e0|537c2714|bb781a0b|ba1c4c60|469545c3|53d17e06|0dba943a|32539f78
SHORT_DECK,2,activeAllIn,497,95456,c45f4228|cc178cca|1bc3e6e0|537c2714|bb781a0b|ba1c4c60|469545c3|53d17e06|0dba943a|32539f78
SHORT_DECK,2,averagePot,35602088,95456,c45f4228|cc178cca|1bc3e6e0|537c2714|bb781a0b|ba1c4c60|469545c3|53d17e06|0dba943a|32539f78
SHORT_DECK,2,cBet,4560,10137,c45f4228|cc178cca|1bc3e6e0|537c2714|bb781a0b|ba1c4c60|469545c3|53d17e06|0dba943a|32539f78
SHORT_DECK,2,callAllIn,1596,12555,c45f4228|cc178cca|1bc3e6e0|537c2714|bb781a0b|ba1c4c60|469545c3|53d17e06|0dba943a|32539f78
SHORT_DECK,2,checkRaise,2,2327,c45f4228|cc178cca|1bc3e6e0|537c2714|bb781a0b|ba1c4c60|469545c3|53d17e06|0dba943a|32539f78
SHORT_DECK,2,foldToThreeBet,5365,5937,c45f4228|cc178cca|1bc3e6e0|537c2714|bb781a0b|ba1c4c60|469545c3|53d17e06|0dba943a|32539f78
SHORT_DECK,2,fourBet,308,5937,c45f4228|cc178cca|1bc3e6e0|537c2714|bb781a0b|ba1c4c60|469545c3|53d17e06|0dba943a|32539f78
SHORT_DECK,2,pfr,12009,59638,c45f4228|cc178cca|1bc3e6e0|537c2714|bb781a0b|ba1c4c60|469545c3|53d17e06|0dba943a|32539f78
SHORT_DECK,2,postflopAllIn,410,33041,c45f4228|cc178cca|1bc3e6e0|537c2714|bb781a0b|ba1c4c60|469545c3|53d17e06|0dba943a|32539f78
SHORT_DECK,2,preflopAllIn,87,62415,c45f4228|cc178cca|1bc3e6e0|537c2714|bb781a0b|ba1c4c60|469545c3|53d17e06|0dba943a|32539f78
SHORT_DECK,2,raiseSizing,14767748,27546,c45f4228|cc178cca|1bc3e6e0|537c2714|bb781a0b|ba1c4c60|469545c3|53d17e06|0dba943a|32539f78
SHORT_DECK,2,showdown,10000,10000,c45f4228|cc178cca|1bc3e6e0|537c2714|bb781a0b|ba1c4c60|469545c3|53d17e06|0dba943a|32539f78
SHORT_DECK,2,threeBet,2234,32865,c45f4228|cc178cca|1bc3e6e0|537c2714|bb781a0b|ba1c4c60|469545c3|53d17e06|0dba943a|32539f78
SHORT_DECK,2,vpip,16970,59638,c45f4228|cc178cca|1bc3e6e0|537c2714|bb781a0b|ba1c4c60|469545c3|53d17e06|0dba943a|32539f78
SHORT_DECK,3,actions,107302,107302,bc63f093|3aedc3c9|b3d0e42c|689b7ec5|964d3480|96ee2229|8af68075|bbd6c0eb|5a5d91bd|143b15e6
SHORT_DECK,3,activeAllIn,604,107302,bc63f093|3aedc3c9|b3d0e42c|689b7ec5|964d3480|96ee2229|8af68075|bbd6c0eb|5a5d91bd|143b15e6
SHORT_DECK,3,averagePot,42977891,107302,bc63f093|3aedc3c9|b3d0e42c|689b7ec5|964d3480|96ee2229|8af68075|bbd6c0eb|5a5d91bd|143b15e6
SHORT_DECK,3,cBet,5227,13148,bc63f093|3aedc3c9|b3d0e42c|689b7ec5|964d3480|96ee2229|8af68075|bbd6c0eb|5a5d91bd|143b15e6
SHORT_DECK,3,callAllIn,1828,16435,bc63f093|3aedc3c9|b3d0e42c|689b7ec5|964d3480|96ee2229|8af68075|bbd6c0eb|5a5d91bd|143b15e6
SHORT_DECK,3,checkRaise,7,3137,bc63f093|3aedc3c9|b3d0e42c|689b7ec5|964d3480|96ee2229|8af68075|bbd6c0eb|5a5d91bd|143b15e6
SHORT_DECK,3,foldToThreeBet,8287,9354,bc63f093|3aedc3c9|b3d0e42c|689b7ec5|964d3480|96ee2229|8af68075|bbd6c0eb|5a5d91bd|143b15e6
SHORT_DECK,3,fourBet,503,9354,bc63f093|3aedc3c9|b3d0e42c|689b7ec5|964d3480|96ee2229|8af68075|bbd6c0eb|5a5d91bd|143b15e6
SHORT_DECK,3,pfr,13658,59980,bc63f093|3aedc3c9|b3d0e42c|689b7ec5|964d3480|96ee2229|8af68075|bbd6c0eb|5a5d91bd|143b15e6
SHORT_DECK,3,postflopAllIn,511,43127,bc63f093|3aedc3c9|b3d0e42c|689b7ec5|964d3480|96ee2229|8af68075|bbd6c0eb|5a5d91bd|143b15e6
SHORT_DECK,3,preflopAllIn,93,64175,bc63f093|3aedc3c9|b3d0e42c|689b7ec5|964d3480|96ee2229|8af68075|bbd6c0eb|5a5d91bd|143b15e6
SHORT_DECK,3,raiseSizing,16200796,31166,bc63f093|3aedc3c9|b3d0e42c|689b7ec5|964d3480|96ee2229|8af68075|bbd6c0eb|5a5d91bd|143b15e6
SHORT_DECK,3,showdown,10000,10000,bc63f093|3aedc3c9|b3d0e42c|689b7ec5|964d3480|96ee2229|8af68075|bbd6c0eb|5a5d91bd|143b15e6
SHORT_DECK,3,threeBet,3382,35133,bc63f093|3aedc3c9|b3d0e42c|689b7ec5|964d3480|96ee2229|8af68075|bbd6c0eb|5a5d91bd|143b15e6
SHORT_DECK,3,vpip,20443,59980,bc63f093|3aedc3c9|b3d0e42c|689b7ec5|964d3480|96ee2229|8af68075|bbd6c0eb|5a5d91bd|143b15e6
SHORT_DECK,4,actions,104028,104028,d347b52b|c833c0dd|def821dc|2e8d4d12|648d3647|8acb364b|dc3b8bc0|3efd4f37|65d55104|f6704ce1
SHORT_DECK,4,activeAllIn,575,104028,d347b52b|c833c0dd|def821dc|2e8d4d12|648d3647|8acb364b|dc3b8bc0|3efd4f37|65d55104|f6704ce1
SHORT_DECK,4,averagePot,40147674,104028,d347b52b|c833c0dd|def821dc|2e8d4d12|648d3647|8acb364b|dc3b8bc0|3efd4f37|65d55104|f6704ce1
SHORT_DECK,4,cBet,4368,11913,d347b52b|c833c0dd|def821dc|2e8d4d12|648d3647|8acb364b|dc3b8bc0|3efd4f37|65d55104|f6704ce1
SHORT_DECK,4,callAllIn,1374,14221,d347b52b|c833c0dd|def821dc|2e8d4d12|648d3647|8acb364b|dc3b8bc0|3efd4f37|65d55104|f6704ce1
SHORT_DECK,4,checkRaise,43,3041,d347b52b|c833c0dd|def821dc|2e8d4d12|648d3647|8acb364b|dc3b8bc0|3efd4f37|65d55104|f6704ce1
SHORT_DECK,4,foldToThreeBet,13713,15936,d347b52b|c833c0dd|def821dc|2e8d4d12|648d3647|8acb364b|dc3b8bc0|3efd4f37|65d55104|f6704ce1
SHORT_DECK,4,fourBet,812,15936,d347b52b|c833c0dd|def821dc|2e8d4d12|648d3647|8acb364b|dc3b8bc0|3efd4f37|65d55104|f6704ce1
SHORT_DECK,4,pfr,15648,59983,d347b52b|c833c0dd|def821dc|2e8d4d12|648d3647|8acb364b|dc3b8bc0|3efd4f37|65d55104|f6704ce1
SHORT_DECK,4,postflopAllIn,489,37744,d347b52b|c833c0dd|def821dc|2e8d4d12|648d3647|8acb364b|dc3b8bc0|3efd4f37|65d55104|f6704ce1
SHORT_DECK,4,preflopAllIn,86,66284,d347b52b|c833c0dd|def821dc|2e8d4d12|648d3647|8acb364b|dc3b8bc0|3efd4f37|65d55104|f6704ce1
SHORT_DECK,4,raiseSizing,13520606,29601,d347b52b|c833c0dd|def821dc|2e8d4d12|648d3647|8acb364b|dc3b8bc0|3efd4f37|65d55104|f6704ce1
SHORT_DECK,4,showdown,10000,10000,d347b52b|c833c0dd|def821dc|2e8d4d12|648d3647|8acb364b|dc3b8bc0|3efd4f37|65d55104|f6704ce1
SHORT_DECK,4,threeBet,5133,34282,d347b52b|c833c0dd|def821dc|2e8d4d12|648d3647|8acb364b|dc3b8bc0|3efd4f37|65d55104|f6704ce1
SHORT_DECK,4,vpip,21864,59983,d347b52b|c833c0dd|def821dc|2e8d4d12|648d3647|8acb364b|dc3b8bc0|3efd4f37|65d55104|f6704ce1
SHORT_DECK,5,actions,105926,105926,af52dc64|64aa5950|c084a39a|d4823390|6f872622|ccec978d|35e675fb|18d785ec|2dbb7bdf|3845c43e
SHORT_DECK,5,activeAllIn,562,105926,af52dc64|64aa5950|c084a39a|d4823390|6f872622|ccec978d|35e675fb|18d785ec|2dbb7bdf|3845c43e
SHORT_DECK,5,averagePot,45270754,105926,af52dc64|64aa5950|c084a39a|d4823390|6f872622|ccec978d|35e675fb|18d785ec|2dbb7bdf|3845c43e
SHORT_DECK,5,cBet,4444,12499,af52dc64|64aa5950|c084a39a|d4823390|6f872622|ccec978d|35e675fb|18d785ec|2dbb7bdf|3845c43e
SHORT_DECK,5,callAllIn,1477,14914,af52dc64|64aa5950|c084a39a|d4823390|6f872622|ccec978d|35e675fb|18d785ec|2dbb7bdf|3845c43e
SHORT_DECK,5,checkRaise,33,3156,af52dc64|64aa5950|c084a39a|d4823390|6f872622|ccec978d|35e675fb|18d785ec|2dbb7bdf|3845c43e
SHORT_DECK,5,foldToThreeBet,15423,19331,af52dc64|64aa5950|c084a39a|d4823390|6f872622|ccec978d|35e675fb|18d785ec|2dbb7bdf|3845c43e
SHORT_DECK,5,fourBet,1019,19331,af52dc64|64aa5950|c084a39a|d4823390|6f872622|ccec978d|35e675fb|18d785ec|2dbb7bdf|3845c43e
SHORT_DECK,5,pfr,16856,59989,af52dc64|64aa5950|c084a39a|d4823390|6f872622|ccec978d|35e675fb|18d785ec|2dbb7bdf|3845c43e
SHORT_DECK,5,postflopAllIn,447,38097,af52dc64|64aa5950|c084a39a|d4823390|6f872622|ccec978d|35e675fb|18d785ec|2dbb7bdf|3845c43e
SHORT_DECK,5,preflopAllIn,115,67829,af52dc64|64aa5950|c084a39a|d4823390|6f872622|ccec978d|35e675fb|18d785ec|2dbb7bdf|3845c43e
SHORT_DECK,5,raiseSizing,13842956,30042,af52dc64|64aa5950|c084a39a|d4823390|6f872622|ccec978d|35e675fb|18d785ec|2dbb7bdf|3845c43e
SHORT_DECK,5,showdown,10000,10000,af52dc64|64aa5950|c084a39a|d4823390|6f872622|ccec978d|35e675fb|18d785ec|2dbb7bdf|3845c43e
SHORT_DECK,5,threeBet,6173,33937,af52dc64|64aa5950|c084a39a|d4823390|6f872622|ccec978d|35e675fb|18d785ec|2dbb7bdf|3845c43e
SHORT_DECK,5,vpip,23372,59989,af52dc64|64aa5950|c084a39a|d4823390|6f872622|ccec978d|35e675fb|18d785ec|2dbb7bdf|3845c43e
STANDARD,2,actions,71838,71838,cde12e16|36cb4042|e087e4d4|1097cc90|8fbf9416|c39af423|c52ff5ad|a0bfd17c|53c7fcb2|099bba0b
STANDARD,2,activeAllIn,121,71838,cde12e16|36cb4042|e087e4d4|1097cc90|8fbf9416|c39af423|c52ff5ad|a0bfd17c|53c7fcb2|099bba0b
STANDARD,2,averagePot,7646434,71838,cde12e16|36cb4042|e087e4d4|1097cc90|8fbf9416|c39af423|c52ff5ad|a0bfd17c|53c7fcb2|099bba0b
STANDARD,2,cBet,1714,4738,cde12e16|36cb4042|e087e4d4|1097cc90|8fbf9416|c39af423|c52ff5ad|a0bfd17c|53c7fcb2|099bba0b
STANDARD,2,callAllIn,422,4460,cde12e16|36cb4042|e087e4d4|1097cc90|8fbf9416|c39af423|c52ff5ad|a0bfd17c|53c7fcb2|099bba0b
STANDARD,2,checkRaise,0,1048,cde12e16|36cb4042|e087e4d4|1097cc90|8fbf9416|c39af423|c52ff5ad|a0bfd17c|53c7fcb2|099bba0b
STANDARD,2,foldToThreeBet,1913,2059,cde12e16|36cb4042|e087e4d4|1097cc90|8fbf9416|c39af423|c52ff5ad|a0bfd17c|53c7fcb2|099bba0b
STANDARD,2,fourBet,71,2059,cde12e16|36cb4042|e087e4d4|1097cc90|8fbf9416|c39af423|c52ff5ad|a0bfd17c|53c7fcb2|099bba0b
STANDARD,2,pfr,8781,57917,cde12e16|36cb4042|e087e4d4|1097cc90|8fbf9416|c39af423|c52ff5ad|a0bfd17c|53c7fcb2|099bba0b
STANDARD,2,postflopAllIn,86,12958,cde12e16|36cb4042|e087e4d4|1097cc90|8fbf9416|c39af423|c52ff5ad|a0bfd17c|53c7fcb2|099bba0b
STANDARD,2,preflopAllIn,35,58880,cde12e16|36cb4042|e087e4d4|1097cc90|8fbf9416|c39af423|c52ff5ad|a0bfd17c|53c7fcb2|099bba0b
STANDARD,2,raiseSizing,2556479,13501,cde12e16|36cb4042|e087e4d4|1097cc90|8fbf9416|c39af423|c52ff5ad|a0bfd17c|53c7fcb2|099bba0b
STANDARD,2,showdown,10000,10000,cde12e16|36cb4042|e087e4d4|1097cc90|8fbf9416|c39af423|c52ff5ad|a0bfd17c|53c7fcb2|099bba0b
STANDARD,2,threeBet,849,24805,cde12e16|36cb4042|e087e4d4|1097cc90|8fbf9416|c39af423|c52ff5ad|a0bfd17c|53c7fcb2|099bba0b
STANDARD,2,vpip,10859,57917,cde12e16|36cb4042|e087e4d4|1097cc90|8fbf9416|c39af423|c52ff5ad|a0bfd17c|53c7fcb2|099bba0b
STANDARD,3,actions,85206,85206,cfacf987|1557a866|b2a623b6|aecea8a7|d3869b14|37532357|913a0745|f8afd0f6|9993db98|1bc8403a
STANDARD,3,activeAllIn,196,85206,cfacf987|1557a866|b2a623b6|aecea8a7|d3869b14|37532357|913a0745|f8afd0f6|9993db98|1bc8403a
STANDARD,3,averagePot,13005655,85206,cfacf987|1557a866|b2a623b6|aecea8a7|d3869b14|37532357|913a0745|f8afd0f6|9993db98|1bc8403a
STANDARD,3,cBet,2637,8710,cfacf987|1557a866|b2a623b6|aecea8a7|d3869b14|37532357|913a0745|f8afd0f6|9993db98|1bc8403a
STANDARD,3,callAllIn,640,7936,cfacf987|1557a866|b2a623b6|aecea8a7|d3869b14|37532357|913a0745|f8afd0f6|9993db98|1bc8403a
STANDARD,3,checkRaise,0,1707,cfacf987|1557a866|b2a623b6|aecea8a7|d3869b14|37532357|913a0745|f8afd0f6|9993db98|1bc8403a
STANDARD,3,foldToThreeBet,3760,4055,cfacf987|1557a866|b2a623b6|aecea8a7|d3869b14|37532357|913a0745|f8afd0f6|9993db98|1bc8403a
STANDARD,3,fourBet,139,4055,cfacf987|1557a866|b2a623b6|aecea8a7|d3869b14|37532357|913a0745|f8afd0f6|9993db98|1bc8403a
STANDARD,3,pfr,11314,59655,cfacf987|1557a866|b2a623b6|aecea8a7|d3869b14|37532357|913a0745|f8afd0f6|9993db98|1bc8403a
STANDARD,3,postflopAllIn,159,23746,cfacf987|1557a866|b2a623b6|aecea8a7|d3869b14|37532357|913a0745|f8afd0f6|9993db98|1bc8403a
STANDARD,3,preflopAllIn,37,61460,cfacf987|1557a866|b2a623b6|aecea8a7|d3869b14|37532357|913a0745|f8afd0f6|9993db98|1bc8403a
STANDARD,3,raiseSizing,4765373,18950,cfacf987|1557a866|b2a623b6|aecea8a7|d3869b14|37532357|913a0745|f8afd0f6|9993db98|1bc8403a
STANDARD,3,showdown,10000,10000,cfacf987|1557a866|b2a623b6|aecea8a7|d3869b14|37532357|913a0745|f8afd0f6|9993db98|1bc8403a
STANDARD,3,threeBet,1596,32349,cfacf987|1557a866|b2a623b6|aecea8a7|d3869b14|37532357|913a0745|f8afd0f6|9993db98|1bc8403a
STANDARD,3,vpip,15225,59655,cfacf987|1557a866|b2a623b6|aecea8a7|d3869b14|37532357|913a0745|f8afd0f6|9993db98|1bc8403a
STANDARD,4,actions,89358,89358,e56d2dd2|0b4c0800|adcfcbe0|52d4fa6a|235cb524|1416bd82|a1149dbc|3c36ad79|ddf2f9ed|30288cfc
STANDARD,4,activeAllIn,488,89358,e56d2dd2|0b4c0800|adcfcbe0|52d4fa6a|235cb524|1416bd82|a1149dbc|3c36ad79|ddf2f9ed|30288cfc
STANDARD,4,averagePot,29185853,89358,e56d2dd2|0b4c0800|adcfcbe0|52d4fa6a|235cb524|1416bd82|a1149dbc|3c36ad79|ddf2f9ed|30288cfc
STANDARD,4,cBet,3438,7940,e56d2dd2|0b4c0800|adcfcbe0|52d4fa6a|235cb524|1416bd82|a1149dbc|3c36ad79|ddf2f9ed|30288cfc
STANDARD,4,callAllIn,1189,10204,e56d2dd2|0b4c0800|adcfcbe0|52d4fa6a|235cb524|1416bd82|a1149dbc|3c36ad79|ddf2f9ed|30288cfc
STANDARD,4,checkRaise,6,1837,e56d2dd2|0b4c0800|adcfcbe0|52d4fa6a|235cb524|1416bd82|a1149dbc|3c36ad79|ddf2f9ed|30288cfc
STANDARD,4,foldToThreeBet,6847,7425,e56d2dd2|0b4c0800|adcfcbe0|52d4fa6a|235cb524|1416bd82|a1149dbc|3c36ad79|ddf2f9ed|30288cfc
STANDARD,4,fourBet,210,7425,e56d2dd2|0b4c0800|adcfcbe0|52d4fa6a|235cb524|1416bd82|a1149dbc|3c36ad79|ddf2f9ed|30288cfc
STANDARD,4,pfr,12717,59964,e56d2dd2|0b4c0800|adcfcbe0|52d4fa6a|235cb524|1416bd82|a1149dbc|3c36ad79|ddf2f9ed|30288cfc
STANDARD,4,postflopAllIn,432,26430,e56d2dd2|0b4c0800|adcfcbe0|52d4fa6a|235cb524|1416bd82|a1149dbc|3c36ad79|ddf2f9ed|30288cfc
STANDARD,4,preflopAllIn,56,62928,e56d2dd2|0b4c0800|adcfcbe0|52d4fa6a|235cb524|1416bd82|a1149dbc|3c36ad79|ddf2f9ed|30288cfc
STANDARD,4,raiseSizing,11248131,25479,e56d2dd2|0b4c0800|adcfcbe0|52d4fa6a|235cb524|1416bd82|a1149dbc|3c36ad79|ddf2f9ed|30288cfc
STANDARD,4,showdown,10000,10000,e56d2dd2|0b4c0800|adcfcbe0|52d4fa6a|235cb524|1416bd82|a1149dbc|3c36ad79|ddf2f9ed|30288cfc
STANDARD,4,threeBet,2635,36545,e56d2dd2|0b4c0800|adcfcbe0|52d4fa6a|235cb524|1416bd82|a1149dbc|3c36ad79|ddf2f9ed|30288cfc
STANDARD,4,vpip,16835,59964,e56d2dd2|0b4c0800|adcfcbe0|52d4fa6a|235cb524|1416bd82|a1149dbc|3c36ad79|ddf2f9ed|30288cfc
STANDARD,5,actions,89047,89047,c26aad16|e249727b|02211707|a054af8d|11764416|de5205e0|b90297d3|74bf1fee|86fc02dd|60bd2a21
STANDARD,5,activeAllIn,402,89047,c26aad16|e249727b|02211707|a054af8d|11764416|de5205e0|b90297d3|74bf1fee|86fc02dd|60bd2a21
STANDARD,5,averagePot,26787550,89047,c26aad16|e249727b|02211707|a054af8d|11764416|de5205e0|b90297d3|74bf1fee|86fc02dd|60bd2a21
STANDARD,5,cBet,3373,8224,c26aad16|e249727b|02211707|a054af8d|11764416|de5205e0|b90297d3|74bf1fee|86fc02dd|60bd2a21
STANDARD,5,callAllIn,1079,9861,c26aad16|e249727b|02211707|a054af8d|11764416|de5205e0|b90297d3|74bf1fee|86fc02dd|60bd2a21
STANDARD,5,checkRaise,4,1890,c26aad16|e249727b|02211707|a054af8d|11764416|de5205e0|b90297d3|74bf1fee|86fc02dd|60bd2a21
STANDARD,5,foldToThreeBet,8592,9533,c26aad16|e249727b|02211707|a054af8d|11764416|de5205e0|b90297d3|74bf1fee|86fc02dd|60bd2a21
STANDARD,5,fourBet,240,9533,c26aad16|e249727b|02211707|a054af8d|11764416|de5205e0|b90297d3|74bf1fee|86fc02dd|60bd2a21
STANDARD,5,pfr,13410,59982,c26aad16|e249727b|02211707|a054af8d|11764416|de5205e0|b90297d3|74bf1fee|86fc02dd|60bd2a21
STANDARD,5,postflopAllIn,353,25361,c26aad16|e249727b|02211707|a054af8d|11764416|de5205e0|b90297d3|74bf1fee|86fc02dd|60bd2a21
STANDARD,5,preflopAllIn,49,63686,c26aad16|e249727b|02211707|a054af8d|11764416|de5205e0|b90297d3|74bf1fee|86fc02dd|60bd2a21
STANDARD,5,raiseSizing,10043610,24818,c26aad16|e249727b|02211707|a054af8d|11764416|de5205e0|b90297d3|74bf1fee|86fc02dd|60bd2a21
STANDARD,5,showdown,10000,10000,c26aad16|e249727b|02211707|a054af8d|11764416|de5205e0|b90297d3|74bf1fee|86fc02dd|60bd2a21
STANDARD,5,threeBet,3270,38985,c26aad16|e249727b|02211707|a054af8d|11764416|de5205e0|b90297d3|74bf1fee|86fc02dd|60bd2a21
STANDARD,5,vpip,17431,59982,c26aad16|e249727b|02211707|a054af8d|11764416|de5205e0|b90297d3|74bf1fee|86fc02dd|60bd2a21
